ALBERT MEADS FISHER;9134120309868145;2010;2017
ALEXANDRE GRICHKOV;4822164054567444;2010;2017
ALEXANDRE LYMBEROPOULOS;1334333415248806;2010;2017
ANTONIO LUIZ PEREIRA;7522850820895210;2010;2017
ARTUR HIDEYOKI TOMITA;7650178604363178;2010;2017
CHRISTINA BRECH;4595265210121698;2010;2017
CLAUDIO GORODSKI;6924559566010266;2010;2017
CRISTIAN ANDRES GONZALEZ ORTIZ;0814550345087037;2010;2017
DACIBERG LIMA GONCALVES;8580052002817169;2010;2017
DANIEL VICTOR TAUSK;1520212806910322;2010;2017
DANIELA MARIZ SILVA VIEIRA;1244442414351450;2010;2017
EDSON DE FARIA;8905672608345856;2010;2017
EDSON VARGAS;1606389825259677;2010;2017
EDUARDO DO NASCIMENTO MARCOS;4654251951434427;2010;2017
ELOI MEDINA GALEGO;7500070840563045;2010;2017
FABIANO GUSTAVO BRAGA BRITO;6837855526877302;2010;2017
FLAVIO ULHOA COELHO;4924243158075998;2010;2017
FRANCISCO CESAR POLCINO MILIES;6912823669386029;2010;2017
FRANCISCO MIRAGLIA NETO;6227659115867830;2010;2017
GAETANO SICILIANO;9171102073588628;2010;2017
GLAUCIO TERRA;9764244146941023;2010;2017
HENRIQUE GUZZO JUNIOR;5563844615917020;2010;2017
HUGO LUIZ MARIANO;3762450205090582;2010;2017
IRYNA KASHUBA;6279103178873169;2010;2017
IVAN CHESTAKOV;2382469130424035;2010;2017
IVAN STRUCHINER;6876840066785728;2010;2017
JAIME ANGULO PAVA;6414101223818111;2010;2017
JAIRO ZACARIAS GONCALVES;7541987739314374;2010;2017
JAVIER SANCHEZ SERDA;9711211873693776;2010;2017
JORGE MANUEL SOTOMAYOR TELLO;2202693274986226;2010;2017
JUAN CARLOS GUTIERREZ FERNANDEZ;2281591530807032;2010;2017
KOSTIANTYN IUSENKO;5220668843910824;2010;2017
LEONARDO PELLEGRINI RODRIGUES;0964053090112695;2010;2017
LUCIA RENATO JUNQUEIRA;7034382452298591;2010;2017
LUCIA SATIE IKEMOTO MURAKAMI;4183069998276255;2010;2017
MARCONE CORREA PEREIRA;9681052469456395;2010;2017
MARCOS MARTINS ALEXANDRINO DA SILVA;1318171263288733;2010;2017
MARIA DE LOURDES MERLINI GIULIANI;9358236443006461;2010;2017
MARTHA PATRICIA DUSSAN ANGULO;1344385349084972;2010;2017
MARY LILIAN LOURENCO;7886856633475996;2010;2017
MIKHAJOLO DOKUCHAEV;1504083676579535;2010;2017
OFELIA TERESA ALAS;3066990520731287;2010;2017
ORLANDO STANLEY JURIAANS;2628621250028497;2010;2017
PAOLO PICCIONE;2869491387764118;2010;2017
PAULO DOMINGOS CORDARO;7457186791833218;2010;2017
PEDRO ANTONIO SANTORO SALOMAO;9060045633534022;2010;2017
PIERLUIGI BENEVIERI;9074528435754216;2010;2017
RAUL ANTONIO FERRAZ;0368187000548549;2010;2017
RICARDO BIANCONI;4159733067004447;2010;2017
RICARDO DOS SANTOS FREIRE JUNIOR;3487250524564847;2010;2017
ROBERTO MOSSA;1703939123866491;2010;2017
RODRIGO BISSACOT PROENCA;4110545446460055;2010;2017
ROGERIO AUGUSTO DOS SANTOS FAJARDO;7902197542498193;2010;2017
SALVADOR ADDAS ZANATA;1597520020384471;2010;2017
SEVERINO TOSCANO DO REGO MELO;2115528633747994;2010;2017
SINAI ROBINS;8455495596164984;2010;2017
SYLVAIN PHILIPPE PIERRE BONNOT;8367930445383308;2010;2017
VALENTIN RAPHAEL HENRI FERENCZI;8035634297294419;2010;2017
VYACHESLAV FUTORNY;6765895362060524;2010;2017
WILSON ALBEIRO CUELLAR CARRERA;4031361680529891;2010;2017
YOSHIHARU KOHAYAKAWA;4627360041573918;2010;2017