ANA CRISTINA DE OLIVEIRA MEREU;4361743248742740;2010;2017
ANDRE SALLES DE CARVALHO;8644214878865621;2010;2017
ANTOINE LAURAIN;2506136880977644;2010;2017
ANTONIO ELIAS FABRIS;4517534884485194;2010;2017
CHRISTIAN DIETER JAKEL;7625751421942524;2010;2017
CLAUDIA MONTEIRO PEIXOTO;0647513129067496;2010;2017
CLODOALDO GROTTA RAGAZZO;4804300167674691;2010;2017
EDSON VARGAS;1606389825259677;2010;2017
EDUARDO COLLI;0694302682822936;2010;2017
ERNESTO JULI√ÅN GOLDBERG BIRGIN;7750373154186324;2010;2017
FABIO ARMANDO TAL;5658903073741596;2010;2017
FRANK MICHAEL FORGER;6748364534679596;2010;2017
GABRIEL HAESER;2612915149105321;2010;2017
GLEICIANE DA SILVA ARAGAO;2376991776742062;2010;2017
JORGE MANUEL SOTOMAYOR TELLO;2202693274986226;2010;2017
JOYCE DA SILVA BEVILACQUA;6419833437574297;2010;2017
JULIO MICHAEL STERN;9582404119292455;2010;2017
LUCIANA LUNA ANNA LOMONACO;6721706447042143;2010;2017
LUIS CARLOS DE CASTRO SANTOS;5181059029789860;2010;2017
MANUEL VALENTIM DE PERA GARCIA;9893531212718568;2010;2017
MARCONE CORREA PEREIRA;9681052469456395;2010;2017
NELSON MUGAYAR KUHL;6518215277080266;2010;2017
ORLANDO FRANCISCO LOPES;3469377550928789;2010;2017
PAULO DOMINGOS CORDARO;7457186791833218;2010;2017
PEDRO ALADAR TONELLI;8872656701324553;2010;2017
PEDRO DA SILVA PEIXOTO;6547630839036017;2010;2017
PEDRO TAVARES PAES LOPES;6790064280260422;2010;2017
RENATO VICENTE;1914965078179670;2010;2017
RODRIGO BISSACOT PROENCA;4110545446460055;2010;2017
SALVADOR ADDAS ZANATA;1597520020384471;2010;2017
SAULO RABELLO MACIEL DE BARROS;0746337016670411;2010;2017
SERGIO MUNIZ OLIVA FILHO;6218135906579844;2010;2017
SONIA REGINA LEITE GARCIA;7981328728299342;2010;2017
WALTER ALBERTO DE SIQUEIRA PEDRA;1498618533380124;2010;2017
WALTER FIGUEIREDO MASCARENHAS;2443304092293827;2010;2017